timestamp,sensor_id,sensor_type,status,seq,is_simulated,firmware_version,sensor_model,manufacturer,signal_strength,reading_quality,event_type,temperature,humidity,pressure,wind_speed,wind_direction,rainfall,unit,city,region,country,lat,lon,altitude
2025-10-14T23:09:31.528041+03:00,ws_cairo_001,weather_station,OK,1,TRUE,v2.0.1,Atmo-Tracker-Pro,AcmeWeather,-64.4,0.901,measurement,20.93,69.26,1008.56,11.25,NW,0,C/%/hPa,Cairo,Greater Cairo,Egypt,30.077366,31.230186,23
2025-10-14T23:09:31.528041+03:00,ws_alexandria_002,weather_station,OK,2,TRUE,v2.1.0,WST-5000,AtmoCorp,-61.6,0.97,measurement,27.47,60.38,1010.06,4.18,W,0,C/%/hPa,Alexandria,Alexandria,Egypt,31.219038,29.910748,5
2025-10-14T23:09:31.528041+03:00,ws_giza_003,weather_station,OK,3,TRUE,v2.0.1,WST-5000,AtmoCorp,-71.9,0.912,measurement,21.07,65.78,1008.15,6.31,SE,0,C/%/hPa,Giza,Giza,Egypt,29.995074,31.128846,19
2025-10-14T23:09:31.528041+03:00,ws_luxor_004,weather_station,OK,4,TRUE,v2.1.0,Atmo-Tracker-Pro,AtmoCorp,-54.3,0.967,measurement,-0.3,95,1008.07,4.37,N,0,C/%/hPa,Luxor,Luxor,Egypt,25.683214,32.658927,76
2025-10-14T23:09:31.528041+03:00,ws_aswan_005,weather_station,OK,5,TRUE,v2.1.1,Atmo-Tracker-Pro,AcmeWeather,-73.2,0.905,measurement,-9.82,95,1009.58,5.55,SW,0,C/%/hPa,Aswan,Aswan,Egypt,24.091795,32.909064,85
2025-10-14T23:09:31.528041+03:00,ws_cairo_006,weather_station,OK,6,TRUE,v2.1.1,WST-5000,AtmoCorp,-76.4,0.904,measurement,20.82,65.35,1007.97,4.4,W,0,C/%/hPa,Cairo,Greater Cairo,Egypt,30.059139,31.256857,23
2025-10-14T23:09:31.528041+03:00,ws_alexandria_007,weather_station,OK,7,TRUE,v2.0.1,WST-5001,AcmeWeather,-57.6,0.922,measurement,27.04,60.2,1008.39,7,N,0,C/%/hPa,Alexandria,Alexandria,Egypt,31.158593,29.884174,5
2025-10-14T23:09:31.528041+03:00,ws_giza_008,weather_station,OK,8,TRUE,v2.1.1,Atmo-Tracker-Pro,AcmeWeather,-50.6,0.954,measurement,20.51,63.23,1008.49,9.97,NW,0,C/%/hPa,Giza,Giza,Egypt,30.02261,31.13703,19
2025-10-14T23:09:31.528041+03:00,ws_luxor_009,weather_station,OK,9,TRUE,v2.1.0,WST-5000,AtmoCorp,-79.2,0.936,measurement,-2.76,95,1008.13,7.11,SW,0,C/%/hPa,Luxor,Luxor,Egypt,25.687999,32.64289,76
2025-10-14T23:09:31.528041+03:00,ws_aswan_010,weather_station,OK,10,TRUE,v2.0.1,WST-5001,GlobalSensors,-72.2,0.942,measurement,-9.58,95,1007.49,10.79,SE,0,C/%/hPa,Aswan,Aswan,Egypt,24.078092,32.851068,85
2025-10-14T23:09:31.528041+03:00,ws_cairo_011,weather_station,OK,11,TRUE,v2.1.1,WST-5001,AcmeWeather,-63.1,0.921,measurement,18.25,76.21,1010.98,9.59,NW,0,C/%/hPa,Cairo,Greater Cairo,Egypt,30.018748,31.249966,23
2025-10-14T23:09:31.528041+03:00,ws_alexandria_012,weather_station,OK,12,TRUE,v2.0.1,WST-5000,GlobalSensors,-78.7,0.95,measurement,27.03,58.13,1008.92,6.28,N,0,C/%/hPa,Alexandria,Alexandria,Egypt,31.23455,29.926658,5
2025-10-14T23:09:31.528041+03:00,ws_giza_013,weather_station,OK,13,TRUE,v2.1.1,WST-5000,AcmeWeather,-78.2,0.988,measurement,18.78,74.87,1009.22,5.72,NW,0,C/%/hPa,Giza,Giza,Egypt,29.937859,31.147456,19
2025-10-14T23:09:31.528041+03:00,ws_luxor_014,weather_station,OK,14,TRUE,v2.1.0,Atmo-Tracker-Pro,GlobalSensors,-78.3,0.913,measurement,-1.71,95,1010.41,5.99,SW,0,C/%/hPa,Luxor,Luxor,Egypt,25.695934,32.626824,76
2025-10-14T23:09:31.528041+03:00,ws_aswan_015,weather_station,OK,15,TRUE,v2.1.1,WST-5000,AcmeWeather,-66.1,0.929,measurement,-9.48,95,1007,10.79,NE,0,C/%/hPa,Aswan,Aswan,Egypt,24.0496,32.867646,85
2025-10-14T23:09:31.528041+03:00,ws_cairo_016,weather_station,OK,16,TRUE,v2.0.1,Atmo-Tracker-Pro,AtmoCorp,-68.3,0.941,measurement,21.78,69.07,1008.11,8.73,N,0,C/%/hPa,Cairo,Greater Cairo,Egypt,30.06464,31.243248,23
2025-10-14T23:09:31.528041+03:00,ws_alexandria_017,weather_station,OK,17,TRUE,v2.1.1,Atmo-Tracker-Pro,GlobalSensors,-54.1,0.924,measurement,25.83,61.63,1006.48,7.97,SW,0,C/%/hPa,Alexandria,Alexandria,Egypt,31.247603,29.953011,5
2025-10-14T23:09:31.528041+03:00,ws_giza_018,weather_station,OK,18,TRUE,v2.1.1,WST-5001,AtmoCorp,-51,0.996,measurement,19.52,73.1,1009.35,7.93,NW,0,C/%/hPa,Giza,Giza,Egypt,30.024697,31.125513,19
2025-10-14T23:09:31.528041+03:00,ws_luxor_019,weather_station,OK,19,TRUE,v2.1.0,WST-5001,AcmeWeather,-76,0.901,measurement,-2.71,95,1006.74,4.28,N,0,C/%/hPa,Luxor,Luxor,Egypt,25.677876,32.632688,76
2025-10-14T23:09:31.528041+03:00,ws_aswan_020,weather_station,OK,20,TRUE,v2.1.1,Atmo-Tracker-Pro,GlobalSensors,-79.4,0.996,measurement,-9.19,95,1008.19,9.67,NW,0,C/%/hPa,Aswan,Aswan,Egypt,24.136258,32.92627,85
2025-10-14T23:09:36.528173+03:00,ws_cairo_001,weather_station,OK,21,TRUE,v2.0.1,Atmo-Tracker-Pro,AcmeWeather,-74.5,0.998,measurement,21.25,65.93,1007.77,2.16,NE,0,C/%/hPa,Cairo,Greater Cairo,Egypt,30.077366,31.230186,23
2025-10-14T23:09:36.528173+03:00,ws_alexandria_002,weather_station,OK,22,TRUE,v2.1.0,WST-5000,AtmoCorp,-71.9,0.949,measurement,26.53,48.98,1007.67,10.72,E,0,C/%/hPa,Alexandria,Alexandria,Egypt,31.219038,29.910748,5
2025-10-14T23:09:36.528173+03:00,ws_giza_003,weather_station,OK,23,TRUE,v2.0.1,WST-5000,AtmoCorp,-62.3,0.943,measurement,20.89,66.98,1009.84,7.73,SW,0,C/%/hPa,Giza,Giza,Egypt,29.995074,31.128846,19
2025-10-14T23:09:36.528173+03:00,ws_luxor_004,weather_station,OK,24,TRUE,v2.1.0,Atmo-Tracker-Pro,AtmoCorp,-64.2,0.979,measurement,-0.64,95,1008.77,8.62,NE,0,C/%/hPa,Luxor,Luxor,Egypt,25.683214,32.658927,76
2025-10-14T23:09:36.528173+03:00,ws_aswan_005,weather_station,OK,25,TRUE,v2.1.1,Atmo-Tracker-Pro,AcmeWeather,-76.1,0.961,measurement,-9.86,95,1008.92,5.07,E,0,C/%/hPa,Aswan,Aswan,Egypt,24.091795,32.909064,85
2025-10-14T23:09:36.528173+03:00,ws_cairo_006,weather_station,OK,26,TRUE,v2.1.1,WST-5000,AtmoCorp,-50.5,0.992,measurement,22.15,67.74,1007.34,6.06,S,0,C/%/hPa,Cairo,Greater Cairo,Egypt,30.059139,31.256857,23
2025-10-14T23:09:36.528173+03:00,ws_alexandria_007,weather_station,OK,27,TRUE,v2.0.1,WST-5001,AcmeWeather,-54.3,0.927,measurement,26.62,43.83,1008.07,3.68,E,0,C/%/hPa,Alexandria,Alexandria,Egypt,31.158593,29.884174,5
2025-10-14T23:09:36.528173+03:00,ws_giza_008,weather_station,OK,28,TRUE,v2.1.1,Atmo-Tracker-Pro,AcmeWeather,-61.2,0.936,measurement,19.9,69.2,1006.69,7.25,N,0,C/%/hPa,Giza,Giza,Egypt,30.02261,31.13703,19
2025-10-14T23:09:36.528173+03:00,ws_luxor_009,weather_station,OK,29,TRUE,v2.1.0,WST-5000,AtmoCorp,-56.4,0.902,measurement,-1.8,95,1008.4,12.55,N,0,C/%/hPa,Luxor,Luxor,Egypt,25.687999,32.64289,76
2025-10-14T23:09:36.528173+03:00,ws_aswan_010,weather_station,OK,30,TRUE,v2.0.1,WST-5001,GlobalSensors,-72.8,0.921,measurement,-10.16,95,1008.98,7.92,SE,0,C/%/hPa,Aswan,Aswan,Egypt,24.078092,32.851068,85
2025-10-14T23:09:36.528173+03:00,ws_cairo_011,weather_station,OK,31,TRUE,v2.1.1,WST-5001,AcmeWeather,-71.1,0.985,measurement,19.55,68.63,1006.76,5.36,NW,2,C/%/hPa,Cairo,Greater Cairo,Egypt,30.018748,31.249966,23
2025-10-14T23:09:36.528173+03:00,ws_alexandria_012,weather_station,OK,32,TRUE,v2.0.1,WST-5000,GlobalSensors,-67.9,0.908,measurement,27.6,55.52,1008.34,4.27,NW,0,C/%/hPa,Alexandria,Alexandria,Egypt,31.23455,29.926658,5
2025-10-14T23:09:36.528173+03:00,ws_giza_013,weather_station,OK,33,TRUE,v2.1.1,WST-5000,AcmeWeather,-54.2,0.938,measurement,20.45,64.76,1007.97,2.95,SE,0,C/%/hPa,Giza,Giza,Egypt,29.937859,31.147456,19
2025-10-14T23:09:36.528173+03:00,ws_luxor_014,weather_station,OK,34,TRUE,v2.1.0,Atmo-Tracker-Pro,GlobalSensors,-73.1,0.944,measurement,-2.45,95,1008.72,1.51,SW,0,C/%/hPa,Luxor,Luxor,Egypt,25.695934,32.626824,76
2025-10-14T23:09:36.528173+03:00,ws_aswan_015,weather_station,OK,35,TRUE,v2.1.1,WST-5000,AcmeWeather,-69.4,0.999,measurement,-10.28,95,1007.19,7.27,SW,0,C/%/hPa,Aswan,Aswan,Egypt,24.0496,32.867646,85
2025-10-14T23:09:36.528173+03:00,ws_cairo_016,weather_station,OK,36,TRUE,v2.0.1,Atmo-Tracker-Pro,AtmoCorp,-51.7,0.926,measurement,21.28,69.77,1007.75,7.46,SW,0,C/%/hPa,Cairo,Greater Cairo,Egypt,30.06464,31.243248,23
2025-10-14T23:09:36.528173+03:00,ws_alexandria_017,weather_station,OK,37,TRUE,v2.1.1,Atmo-Tracker-Pro,GlobalSensors,-50.7,0.905,measurement,25.52,60.98,1006.95,7.06,E,0,C/%/hPa,Alexandria,Alexandria,Egypt,31.247603,29.953011,5
2025-10-14T23:09:36.528173+03:00,ws_giza_018,weather_station,OK,38,TRUE,v2.1.1,WST-5001,AtmoCorp,-73.4,0.963,measurement,19.67,74.66,1006.96,4.18,N,0,C/%/hPa,Giza,Giza,Egypt,30.024697,31.125513,19
2025-10-14T23:09:36.528173+03:00,ws_luxor_019,weather_station,OK,39,TRUE,v2.1.0,WST-5001,AcmeWeather,-71.8,0.931,measurement,-1.98,95,1007.11,8.99,E,0,C/%/hPa,Luxor,Luxor,Egypt,25.677876,32.632688,76
2025-10-14T23:09:36.528173+03:00,ws_aswan_020,weather_station,OK,40,TRUE,v2.1.1,Atmo-Tracker-Pro,GlobalSensors,-74.1,0.912,measurement,-9.89,95,1005.94,4.19,NE,0,C/%/hPa,Aswan,Aswan,Egypt,24.136258,32.92627,85
2025-10-14T23:09:41.528554+03:00,ws_cairo_001,weather_station,OK,41,TRUE,v2.0.1,Atmo-Tracker-Pro,AcmeWeather,-74.4,0.94,measurement,20.94,61.52,1007.41,5.42,NE,0,C/%/hPa,Cairo,Greater Cairo,Egypt,30.077366,31.230186,23
2025-10-14T23:09:41.528554+03:00,ws_alexandria_002,weather_station,OK,42,TRUE,v2.1.0,WST-5000,AtmoCorp,-59.1,0.909,measurement,26.94,53.37,1008.73,8,SW,0,C/%/hPa,Alexandria,Alexandria,Egypt,31.219038,29.910748,5
2025-10-14T23:09:41.528554+03:00,ws_giza_003,weather_station,OK,43,TRUE,v2.0.1,WST-5000,AtmoCorp,-57.2,0.915,measurement,20.93,64.17,1007.77,11.75,W,0,C/%/hPa,Giza,Giza,Egypt,29.995074,31.128846,19
2025-10-14T23:09:41.528554+03:00,ws_luxor_004,weather_station,OK,44,TRUE,v2.1.0,Atmo-Tracker-Pro,AtmoCorp,-52.7,0.946,measurement,-0.15,95,1008.32,0.97,E,0,C/%/hPa,Luxor,Luxor,Egypt,25.683214,32.658927,76
2025-10-14T23:09:41.528554+03:00,ws_aswan_005,weather_station,OK,45,TRUE,v2.1.1,Atmo-Tracker-Pro,AcmeWeather,-70,0.972,measurement,-9.83,95,1009.29,6.54,NE,0,C/%/hPa,Aswan,Aswan,Egypt,24.091795,32.909064,85
2025-10-14T23:09:41.528554+03:00,ws_cairo_006,weather_station,OK,46,TRUE,v2.1.1,WST-5000,AtmoCorp,-70.5,0.951,measurement,21.04,68.82,1008.2,11.39,SE,0,C/%/hPa,Cairo,Greater Cairo,Egypt,30.059139,31.256857,23
2025-10-14T23:09:41.528554+03:00,ws_alexandria_007,weather_station,OK,47,TRUE,v2.0.1,WST-5001,AcmeWeather,-55,0.953,measurement,25.73,57.74,1010.67,4.48,NE,0,C/%/hPa,Alexandria,Alexandria,Egypt,31.158593,29.884174,5
2025-10-14T23:09:41.528554+03:00,ws_giza_008,weather_station,OK,48,TRUE,v2.1.1,Atmo-Tracker-Pro,AcmeWeather,-63.3,0.961,measurement,20.03,63.42,1009.31,3.81,E,0,C/%/hPa,Giza,Giza,Egypt,30.02261,31.13703,19
2025-10-14T23:09:41.528554+03:00,ws_luxor_009,weather_station,OK,49,TRUE,v2.1.0,WST-5000,AtmoCorp,-59.2,0.99,measurement,-2.2,95,1008.26,10.2,SE,0,C/%/hPa,Luxor,Luxor,Egypt,25.687999,32.64289,76
2025-10-14T23:09:41.528554+03:00,ws_aswan_010,weather_station,OK,50,TRUE,v2.0.1,WST-5001,GlobalSensors,-63.6,0.967,measurement,-9.89,95,1008.75,5.87,E,0,C/%/hPa,Aswan,Aswan,Egypt,24.078092,32.851068,85
2025-10-14T23:09:41.528554+03:00,ws_cairo_011,weather_station,OK,51,TRUE,v2.1.1,WST-5001,AcmeWeather,-57.5,0.941,measurement,19.52,74.15,1007.73,4.82,NW,0,C/%/hPa,Cairo,Greater Cairo,Egypt,30.018748,31.249966,23
2025-10-14T23:09:41.528554+03:00,ws_alexandria_012,weather_station,OK,52,TRUE,v2.0.1,WST-5000,GlobalSensors,-63.1,0.916,measurement,25.9,57.46,1008.19,2.36,W,0,C/%/hPa,Alexandria,Alexandria,Egypt,31.23455,29.926658,5
2025-10-14T23:09:41.528554+03:00,ws_giza_013,weather_station,OK,53,TRUE,v2.1.1,WST-5000,AcmeWeather,-62,0.978,measurement,20.49,71.2,1006.68,9.43,E,0,C/%/hPa,Giza,Giza,Egypt,29.937859,31.147456,19
2025-10-14T23:09:41.528554+03:00,ws_luxor_014,weather_station,OK,54,TRUE,v2.1.0,Atmo-Tracker-Pro,GlobalSensors,-55.7,0.904,measurement,-1.53,95,1008.75,2.84,W,0,C/%/hPa,Luxor,Luxor,Egypt,25.695934,32.626824,76
2025-10-14T23:09:41.528554+03:00,ws_aswan_015,weather_station,OK,55,TRUE,v2.1.1,WST-5000,AcmeWeather,-79.1,0.982,measurement,-9.07,95,1009.16,9.3,E,0,C/%/hPa,Aswan,Aswan,Egypt,24.0496,32.867646,85
2025-10-14T23:09:41.528554+03:00,ws_cairo_016,weather_station,OK,56,TRUE,v2.0.1,Atmo-Tracker-Pro,AtmoCorp,-50.4,0.987,measurement,20.29,72.52,1008.34,9.14,S,0,C/%/hPa,Cairo,Greater Cairo,Egypt,30.06464,31.243248,23
2025-10-14T23:09:41.528554+03:00,ws_alexandria_017,weather_station,OK,57,TRUE,v2.1.1,Atmo-Tracker-Pro,GlobalSensors,-57.5,0.96,measurement,25.95,55.16,1010.7,8.04,S,0,C/%/hPa,Alexandria,Alexandria,Egypt,31.247603,29.953011,5
2025-10-14T23:09:41.528554+03:00,ws_giza_018,weather_station,OK,58,TRUE,v2.1.1,WST-5001,AtmoCorp,-69.3,0.961,measurement,20.5,65.95,1007.74,7.41,NW,0,C/%/hPa,Giza,Giza,Egypt,30.024697,31.125513,19
2025-10-14T23:09:41.528554+03:00,ws_luxor_019,weather_station,OK,59,TRUE,v2.1.0,WST-5001,AcmeWeather,-70.5,0.903,measurement,-2.13,95,1006.77,10.55,W,0,C/%/hPa,Luxor,Luxor,Egypt,25.677876,32.632688,76
2025-10-14T23:09:41.528554+03:00,ws_aswan_020,weather_station,OK,60,TRUE,v2.1.1,Atmo-Tracker-Pro,GlobalSensors,-74.5,0.95,measurement,-10.28,95,1008,8.34,E,0,C/%/hPa,Aswan,Aswan,Egypt,24.136258,32.92627,85
2025-10-14T23:09:46.528867+03:00,ws_cairo_001,weather_station,OK,61,TRUE,v2.0.1,Atmo-Tracker-Pro,AcmeWeather,-64,0.952,measurement,20.67,68.93,1009.3,10.66,NW,0,C/%/hPa,Cairo,Greater Cairo,Egypt,30.077366,31.230186,23
2025-10-14T23:09:46.528867+03:00,ws_alexandria_002,weather_station,OK,62,TRUE,v2.1.0,WST-5000,AtmoCorp,-60.7,0.976,measurement,26.75,52.28,1008.42,7.34,SW,0,C/%/hPa,Alexandria,Alexandria,Egypt,31.219038,29.910748,5
2025-10-14T23:09:46.528867+03:00,ws_giza_003,weather_station,OK,63,TRUE,v2.0.1,WST-5000,AtmoCorp,-59,0.983,measurement,19.44,65.6,1008.37,7.03,E,0,C/%/hPa,Giza,Giza,Egypt,29.995074,31.128846,19
2025-10-14T23:09:46.528867+03:00,ws_luxor_004,weather_station,OK,64,TRUE,v2.1.0,Atmo-Tracker-Pro,AtmoCorp,-57,0.906,measurement,-1.27,95,1008.85,3.07,S,0,C/%/hPa,Luxor,Luxor,Egypt,25.683214,32.658927,76
2025-10-14T23:09:46.528867+03:00,ws_aswan_005,weather_station,OK,65,TRUE,v2.1.1,Atmo-Tracker-Pro,AcmeWeather,-53.5,0.919,measurement,-9,95,1009.49,0,SW,0,C/%/hPa,Aswan,Aswan,Egypt,24.091795,32.909064,85
2025-10-14T23:09:46.528867+03:00,ws_cairo_006,weather_station,OK,66,TRUE,v2.1.1,WST-5000,AtmoCorp,-73.4,0.965,measurement,20.4,81.01,1009.32,4.03,W,0,C/%/hPa,Cairo,Greater Cairo,Egypt,30.059139,31.256857,23
2025-10-14T23:09:46.528867+03:00,ws_alexandria_007,weather_station,OK,67,TRUE,v2.0.1,WST-5001,AcmeWeather,-63.7,0.908,measurement,27.02,58.04,1007.32,6.74,S,0,C/%/hPa,Alexandria,Alexandria,Egypt,31.158593,29.884174,5
2025-10-14T23:09:46.528867+03:00,ws_giza_008,weather_station,OK,68,TRUE,v2.1.1,Atmo-Tracker-Pro,AcmeWeather,-54.3,0.991,measurement,19.63,63.53,1007.82,11.15,E,0,C/%/hPa,Giza,Giza,Egypt,30.02261,31.13703,19
2025-10-14T23:09:46.528867+03:00,ws_luxor_009,weather_station,OK,69,TRUE,v2.1.0,WST-5000,AtmoCorp,-69.8,0.964,measurement,-1.6,95,1007.14,7.66,W,0,C/%/hPa,Luxor,Luxor,Egypt,25.687999,32.64289,76
2025-10-14T23:09:46.528867+03:00,ws_aswan_010,weather_station,OK,70,TRUE,v2.0.1,WST-5001,GlobalSensors,-71.5,0.978,measurement,-8.83,95,1009.9,6.72,E,0,C/%/hPa,Aswan,Aswan,Egypt,24.078092,32.851068,85
2025-10-14T23:09:46.528867+03:00,ws_cairo_011,weather_station,OK,71,TRUE,v2.1.1,WST-5001,AcmeWeather,-67.2,0.966,measurement,19.28,74.95,1007.52,5.47,NW,0,C/%/hPa,Cairo,Greater Cairo,Egypt,30.018748,31.249966,23
2025-10-14T23:09:46.528867+03:00,ws_alexandria_012,weather_station,OK,72,TRUE,v2.0.1,WST-5000,GlobalSensors,-58,0.978,measurement,26.51,60.79,1007.75,7.88,NW,0,C/%/hPa,Alexandria,Alexandria,Egypt,31.23455,29.926658,5
2025-10-14T23:09:46.528867+03:00,ws_giza_013,weather_station,OK,73,TRUE,v2.1.1,WST-5000,AcmeWeather,-77.1,0.99,measurement,20.86,69.71,1009.57,5.22,E,0,C/%/hPa,Giza,Giza,Egypt,29.937859,31.147456,19
2025-10-14T23:09:46.528867+03:00,ws_luxor_014,weather_station,OK,74,TRUE,v2.1.0,Atmo-Tracker-Pro,GlobalSensors,-51.1,0.918,measurement,-0.48,95,1007.37,0.79,SE,0,C/%/hPa,Luxor,Luxor,Egypt,25.695934,32.626824,76
2025-10-14T23:09:46.528867+03:00,ws_aswan_015,weather_station,OK,75,TRUE,v2.1.1,WST-5000,AcmeWeather,-61.1,0.956,measurement,-10,95,1007.5,9.09,SE,0,C/%/hPa,Aswan,Aswan,Egypt,24.0496,32.867646,85
2025-10-14T23:09:46.528867+03:00,ws_cairo_016,weather_station,OK,76,TRUE,v2.0.1,Atmo-Tracker-Pro,AtmoCorp,-77.5,0.989,measurement,20.12,68.15,1005.7,5.15,NW,0,C/%/hPa,Cairo,Greater Cairo,Egypt,30.06464,31.243248,23
2025-10-14T23:09:46.528867+03:00,ws_alexandria_017,weather_station,OK,77,TRUE,v2.1.1,Atmo-Tracker-Pro,GlobalSensors,-76.8,0.957,measurement,26.09,61.67,1008.73,7.64,S,0,C/%/hPa,Alexandria,Alexandria,Egypt,31.247603,29.953011,5
2025-10-14T23:09:46.528867+03:00,ws_giza_018,weather_station,OK,78,TRUE,v2.1.1,WST-5001,AtmoCorp,-58.3,0.937,measurement,19.35,75.4,1007.37,1.47,SW,0,C/%/hPa,Giza,Giza,Egypt,30.024697,31.125513,19
2025-10-14T23:09:46.528867+03:00,ws_luxor_019,weather_station,OK,79,TRUE,v2.1.0,WST-5001,AcmeWeather,-79.1,0.917,measurement,-1.93,95,1006.35,4.28,N,0,C/%/hPa,Luxor,Luxor,Egypt,25.677876,32.632688,76
2025-10-14T23:09:46.528867+03:00,ws_aswan_020,weather_station,OK,80,TRUE,v2.1.1,Atmo-Tracker-Pro,GlobalSensors,-65.7,0.939,measurement,-9.17,95,1009.12,0,SE,0,C/%/hPa,Aswan,Aswan,Egypt,24.136258,32.92627,85
2025-10-14T23:09:51.529350+03:00,ws_cairo_001,weather_station,OK,81,TRUE,v2.0.1,Atmo-Tracker-Pro,AcmeWeather,-56.9,0.91,measurement,20.88,71.6,1009.37,8.74,N,1.23,C/%/hPa,Cairo,Greater Cairo,Egypt,30.077366,31.230186,23
2025-10-14T23:09:51.529350+03:00,ws_alexandria_002,weather_station,OK,82,TRUE,v2.1.0,WST-5000,AtmoCorp,-73.8,0.909,measurement,27.44,46.95,1008.66,11.19,W,0,C/%/hPa,Alexandria,Alexandria,Egypt,31.219038,29.910748,5
2025-10-14T23:09:51.529350+03:00,ws_giza_003,weather_station,OK,83,TRUE,v2.0.1,WST-5000,AtmoCorp,-75.6,0.942,measurement,20.57,68.74,1007.86,3.97,NE,0,C/%/hPa,Giza,Giza,Egypt,29.995074,31.128846,19
2025-10-14T23:09:51.529350+03:00,ws_luxor_004,weather_station,OK,84,TRUE,v2.1.0,Atmo-Tracker-Pro,AtmoCorp,-51.5,0.926,measurement,-1.34,95,1006.55,6.66,SW,0,C/%/hPa,Luxor,Luxor,Egypt,25.683214,32.658927,76
2025-10-14T23:09:51.529350+03:00,ws_aswan_005,weather_station,OK,85,TRUE,v2.1.1,Atmo-Tracker-Pro,AcmeWeather,-59.5,0.913,measurement,-10.2,95,1008.88,4.44,N,0,C/%/hPa,Aswan,Aswan,Egypt,24.091795,32.909064,85
2025-10-14T23:09:51.529350+03:00,ws_cairo_006,weather_station,OK,86,TRUE,v2.1.1,WST-5000,AtmoCorp,-54.5,0.935,measurement,21.09,60.95,1007.32,9.86,S,0,C/%/hPa,Cairo,Greater Cairo,Egypt,30.059139,31.256857,23
2025-10-14T23:09:51.529350+03:00,ws_alexandria_007,weather_station,OK,87,TRUE,v2.0.1,WST-5001,AcmeWeather,-66.7,0.963,measurement,26.52,56.12,1008.7,7.31,SW,0,C/%/hPa,Alexandria,Alexandria,Egypt,31.158593,29.884174,5
2025-10-14T23:09:51.529350+03:00,ws_giza_008,weather_station,OK,88,TRUE,v2.1.1,Atmo-Tracker-Pro,AcmeWeather,-64,0.977,measurement,20.62,60.3,1010.72,10.99,SW,0,C/%/hPa,Giza,Giza,Egypt,30.02261,31.13703,19
2025-10-14T23:09:51.529350+03:00,ws_luxor_009,weather_station,OK,89,TRUE,v2.1.0,WST-5000,AtmoCorp,-68.9,0.974,measurement,-2.46,95,1009.43,5.63,SW,0,C/%/hPa,Luxor,Luxor,Egypt,25.687999,32.64289,76
2025-10-14T23:09:51.529350+03:00,ws_aswan_010,weather_station,OK,90,TRUE,v2.0.1,WST-5001,GlobalSensors,-66.9,0.967,measurement,-9.73,95,1009.23,2.53,SW,0,C/%/hPa,Aswan,Aswan,Egypt,24.078092,32.851068,85
2025-10-14T23:09:51.529350+03:00,ws_cairo_011,weather_station,OK,91,TRUE,v2.1.1,WST-5001,AcmeWeather,-53,0.901,measurement,19.79,68.35,1008.41,9.99,NE,0,C/%/hPa,Cairo,Greater Cairo,Egypt,30.018748,31.249966,23
2025-10-14T23:09:51.529350+03:00,ws_alexandria_012,weather_station,OK,92,TRUE,v2.0.1,WST-5000,GlobalSensors,-50.2,0.95,measurement,27.13,48.99,1007.95,8.09,NW,0,C/%/hPa,Alexandria,Alexandria,Egypt,31.23455,29.926658,5
2025-10-14T23:09:51.529350+03:00,ws_giza_013,weather_station,OK,93,TRUE,v2.1.1,WST-5000,AcmeWeather,-65.2,0.973,measurement,20.31,67.25,1007.6,3.6,S,0,C/%/hPa,Giza,Giza,Egypt,29.937859,31.147456,19
2025-10-14T23:09:51.529350+03:00,ws_luxor_014,weather_station,OK,94,TRUE,v2.1.0,Atmo-Tracker-Pro,GlobalSensors,-79.3,0.951,measurement,-2.32,95,1010.23,4.46,E,0,C/%/hPa,Luxor,Luxor,Egypt,25.695934,32.626824,76
2025-10-14T23:09:51.529350+03:00,ws_aswan_015,weather_station,OK,95,TRUE,v2.1.1,WST-5000,AcmeWeather,-68.5,0.952,measurement,-9.52,95,1008.71,4.58,NW,0,C/%/hPa,Aswan,Aswan,Egypt,24.0496,32.867646,85
2025-10-14T23:09:51.529350+03:00,ws_cairo_016,weather_station,OK,96,TRUE,v2.0.1,Atmo-Tracker-Pro,AtmoCorp,-65,0.997,measurement,20.82,69.26,1007.3,4.41,W,0,C/%/hPa,Cairo,Greater Cairo,Egypt,30.06464,31.243248,23
2025-10-14T23:09:51.529350+03:00,ws_alexandria_017,weather_station,OK,97,TRUE,v2.1.1,Atmo-Tracker-Pro,GlobalSensors,-72,0.972,measurement,27.14,52.71,1009.53,8.72,SE,0,C/%/hPa,Alexandria,Alexandria,Egypt,31.247603,29.953011,5
2025-10-14T23:09:51.529350+03:00,ws_giza_018,weather_station,OK,98,TRUE,v2.1.1,WST-5001,AtmoCorp,-62.2,0.968,measurement,20.06,64.65,1009.08,9.22,SW,0,C/%/hPa,Giza,Giza,Egypt,30.024697,31.125513,19
2025-10-14T23:09:51.529350+03:00,ws_luxor_019,weather_station,OK,99,TRUE,v2.1.0,WST-5001,AcmeWeather,-54.2,0.905,measurement,-1.57,95,1008.52,9.78,N,0,C/%/hPa,Luxor,Luxor,Egypt,25.677876,32.632688,76
2025-10-14T23:09:51.529350+03:00,ws_aswan_020,weather_station,OK,100,TRUE,v2.1.1,Atmo-Tracker-Pro,GlobalSensors,-50.9,0.988,measurement,-9.23,95,1007.43,4.73,NW,0,C/%/hPa,Aswan,Aswan,Egypt,24.136258,32.92627,85
2025-10-14T23:09:56.529674+03:00,ws_cairo_001,weather_station,OK,101,TRUE,v2.0.1,Atmo-Tracker-Pro,AcmeWeather,-54.6,0.969,measurement,20.76,68.85,1008.75,2.42,W,0,C/%/hPa,Cairo,Greater Cairo,Egypt,30.077366,31.230186,23
2025-10-14T23:09:56.529674+03:00,ws_alexandria_002,weather_station,OK,102,TRUE,v2.1.0,WST-5000,AtmoCorp,-50.3,0.955,measurement,26.89,53.78,1006.47,8.76,NE,0,C/%/hPa,Alexandria,Alexandria,Egypt,31.219038,29.910748,5
2025-10-14T23:09:56.529674+03:00,ws_giza_003,weather_station,OK,103,TRUE,v2.0.1,WST-5000,AtmoCorp,-61.7,0.975,measurement,20.39,75.68,1007.98,12.94,W,0,C/%/hPa,Giza,Giza,Egypt,29.995074,31.128846,19
2025-10-14T23:09:56.529674+03:00,ws_luxor_004,weather_station,OK,104,TRUE,v2.1.0,Atmo-Tracker-Pro,AtmoCorp,-50.5,0.981,measurement,-1.86,95,1008.56,9.1,E,0,C/%/hPa,Luxor,Luxor,Egypt,25.683214,32.658927,76
2025-10-14T23:09:56.529674+03:00,ws_aswan_005,weather_station,OK,105,TRUE,v2.1.1,Atmo-Tracker-Pro,AcmeWeather,-76,0.918,measurement,-9.41,95,1008.32,10.01,SW,0,C/%/hPa,Aswan,Aswan,Egypt,24.091795,32.909064,85
2025-10-14T23:09:56.529674+03:00,ws_cairo_006,weather_station,OK,106,TRUE,v2.1.1,WST-5000,AtmoCorp,-76.1,0.987,measurement,20.86,58.48,1008.53,6.14,NW,0,C/%/hPa,Cairo,Greater Cairo,Egypt,30.059139,31.256857,23
2025-10-14T23:09:56.529674+03:00,ws_alexandria_007,weather_station,OK,107,TRUE,v2.0.1,WST-5001,AcmeWeather,-73.1,0.954,measurement,27.51,59.6,1008.26,7.25,S,0,C/%/hPa,Alexandria,Alexandria,Egypt,31.158593,29.884174,5
2025-10-14T23:09:56.529674+03:00,ws_giza_008,weather_station,OK,108,TRUE,v2.1.1,Atmo-Tracker-Pro,AcmeWeather,-69.7,0.918,measurement,20.17,78.28,1009.57,6.75,NE,0,C/%/hPa,Giza,Giza,Egypt,30.02261,31.13703,19
2025-10-14T23:09:56.529674+03:00,ws_luxor_009,weather_station,OK,109,TRUE,v2.1.0,WST-5000,AtmoCorp,-50.9,0.962,measurement,-1.85,95,1009.14,10.74,N,0,C/%/hPa,Luxor,Luxor,Egypt,25.687999,32.64289,76
2025-10-14T23:09:56.529674+03:00,ws_aswan_010,weather_station,OK,110,TRUE,v2.0.1,WST-5001,GlobalSensors,-79.9,0.994,measurement,-9.17,95,1007.67,10.46,SE,0,C/%/hPa,Aswan,Aswan,Egypt,24.078092,32.851068,85
2025-10-14T23:09:56.529674+03:00,ws_cairo_011,weather_station,OK,111,TRUE,v2.1.1,WST-5001,AcmeWeather,-69.4,0.977,measurement,18.77,66.8,1008.83,7.01,W,0,C/%/hPa,Cairo,Greater Cairo,Egypt,30.018748,31.249966,23
2025-10-14T23:09:56.529674+03:00,ws_alexandria_012,weather_station,OK,112,TRUE,v2.0.1,WST-5000,GlobalSensors,-70.6,0.945,measurement,26.03,52.92,1009.21,7.77,NW,0,C/%/hPa,Alexandria,Alexandria,Egypt,31.23455,29.926658,5
2025-10-14T23:09:56.529674+03:00,ws_giza_013,weather_station,OK,113,TRUE,v2.1.1,WST-5000,AcmeWeather,-66.9,0.988,measurement,20.14,63.47,1006.64,5.79,S,0,C/%/hPa,Giza,Giza,Egypt,29.937859,31.147456,19
2025-10-14T23:09:56.529674+03:00,ws_luxor_014,weather_station,OK,114,TRUE,v2.1.0,Atmo-Tracker-Pro,GlobalSensors,-52.7,0.984,measurement,-2.05,95,1007.54,6.8,NW,0,C/%/hPa,Luxor,Luxor,Egypt,25.695934,32.626824,76
2025-10-14T23:09:56.529674+03:00,ws_aswan_015,weather_station,OK,115,TRUE,v2.1.1,WST-5000,AcmeWeather,-52.6,0.95,measurement,-9.2,95,1008.52,6.96,NE,0,C/%/hPa,Aswan,Aswan,Egypt,24.0496,32.867646,85
2025-10-14T23:09:56.529674+03:00,ws_cairo_016,weather_station,OK,116,TRUE,v2.0.1,Atmo-Tracker-Pro,AtmoCorp,-73.2,0.988,measurement,21.12,57.51,1009.81,6.97,SE,0,C/%/hPa,Cairo,Greater Cairo,Egypt,30.06464,31.243248,23
2025-10-14T23:09:56.529674+03:00,ws_alexandria_017,weather_station,OK,117,TRUE,v2.1.1,Atmo-Tracker-Pro,GlobalSensors,-51.5,0.932,measurement,25.58,58.85,1006.93,6.59,E,0,C/%/hPa,Alexandria,Alexandria,Egypt,31.247603,29.953011,5
2025-10-14T23:09:56.529674+03:00,ws_giza_018,weather_station,OK,118,TRUE,v2.1.1,WST-5001,AtmoCorp,-58.3,0.969,measurement,20.04,71.82,1008.01,10.49,NE,0,C/%/hPa,Giza,Giza,Egypt,30.024697,31.125513,19
2025-10-14T23:09:56.529674+03:00,ws_luxor_019,weather_station,OK,119,TRUE,v2.1.0,WST-5001,AcmeWeather,-54.8,0.994,measurement,-1.49,95,1008.56,10.21,N,0,C/%/hPa,Luxor,Luxor,Egypt,25.677876,32.632688,76
2025-10-14T23:09:56.529674+03:00,ws_aswan_020,weather_station,OK,120,TRUE,v2.1.1,Atmo-Tracker-Pro,GlobalSensors,-67.2,0.977,measurement,-9.8,95,1005.49,9.9,NW,0,C/%/hPa,Aswan,Aswan,Egypt,24.136258,32.92627,85
2025-10-14T23:10:01.530403+03:00,ws_cairo_001,weather_station,OK,121,TRUE,v2.0.1,Atmo-Tracker-Pro,AcmeWeather,-61.2,0.961,measurement,20.32,66,1010.36,10.24,NW,0,C/%/hPa,Cairo,Greater Cairo,Egypt,30.077366,31.230186,23
2025-10-14T23:10:01.530403+03:00,ws_alexandria_002,weather_station,OK,122,TRUE,v2.1.0,WST-5000,AtmoCorp,-65.9,0.962,measurement,26.58,60.45,1007.31,6.51,SE,0,C/%/hPa,Alexandria,Alexandria,Egypt,31.219038,29.910748,5
2025-10-14T23:10:01.530403+03:00,ws_giza_003,weather_station,OK,123,TRUE,v2.0.1,WST-5000,AtmoCorp,-54.7,0.958,measurement,20.43,79.12,1007.18,3.12,S,0,C/%/hPa,Giza,Giza,Egypt,29.995074,31.128846,19
2025-10-14T23:10:01.530403+03:00,ws_luxor_004,weather_station,OK,124,TRUE,v2.1.0,Atmo-Tracker-Pro,AtmoCorp,-57.4,0.941,measurement,-0.79,95,1009.08,8.4,SW,0,C/%/hPa,Luxor,Luxor,Egypt,25.683214,32.658927,76
2025-10-14T23:10:01.530403+03:00,ws_aswan_005,weather_station,OK,125,TRUE,v2.1.1,Atmo-Tracker-Pro,AcmeWeather,-69.5,0.983,measurement,-9.21,95,1006.52,7.7,NE,0,C/%/hPa,Aswan,Aswan,Egypt,24.091795,32.909064,85
2025-10-14T23:10:01.530403+03:00,ws_cairo_006,weather_station,OK,126,TRUE,v2.1.1,WST-5000,AtmoCorp,-66.5,0.984,measurement,21.15,64.29,1008.3,9.29,N,0,C/%/hPa,Cairo,Greater Cairo,Egypt,30.059139,31.256857,23
2025-10-14T23:10:01.530403+03:00,ws_alexandria_007,weather_station,OK,127,TRUE,v2.0.1,WST-5001,AcmeWeather,-55.2,0.999,measurement,25.55,64.01,1008.87,9.37,SE,0,C/%/hPa,Alexandria,Alexandria,Egypt,31.158593,29.884174,5
2025-10-14T23:10:01.530403+03:00,ws_giza_008,weather_station,OK,128,TRUE,v2.1.1,Atmo-Tracker-Pro,AcmeWeather,-63,0.922,measurement,20.66,73.43,1007.38,11.23,W,0,C/%/hPa,Giza,Giza,Egypt,30.02261,31.13703,19
2025-10-14T23:10:01.530403+03:00,ws_luxor_009,weather_station,OK,129,TRUE,v2.1.0,WST-5000,AtmoCorp,-59.7,0.966,measurement,-1.91,95,1008.15,10.17,NW,0,C/%/hPa,Luxor,Luxor,Egypt,25.687999,32.64289,76
2025-10-14T23:10:01.530403+03:00,ws_aswan_010,weather_station,OK,130,TRUE,v2.0.1,WST-5001,GlobalSensors,-57.1,0.905,measurement,-9.84,95,1008.03,5.96,N,0,C/%/hPa,Aswan,Aswan,Egypt,24.078092,32.851068,85
2025-10-14T23:10:01.530403+03:00,ws_cairo_011,weather_station,SPIKE,131,TRUE,v2.1.1,WST-5001,AcmeWeather,-64.2,0.687,measurement,34.48,72.74,1008.13,5.08,NW,0,C/%/hPa,Cairo,Greater Cairo,Egypt,30.018748,31.249966,23
2025-10-14T23:10:01.530403+03:00,ws_alexandria_012,weather_station,OK,132,TRUE,v2.0.1,WST-5000,GlobalSensors,-52.4,0.915,measurement,27.11,56.58,1010.4,9.78,SE,0,C/%/hPa,Alexandria,Alexandria,Egypt,31.23455,29.926658,5
2025-10-14T23:10:01.530403+03:00,ws_giza_013,weather_station,OK,133,TRUE,v2.1.1,WST-5000,AcmeWeather,-60.7,0.974,measurement,19.63,64.17,1008.02,9.49,W,0,C/%/hPa,Giza,Giza,Egypt,29.937859,31.147456,19
2025-10-14T23:10:01.530403+03:00,ws_luxor_014,weather_station,OK,134,TRUE,v2.1.0,Atmo-Tracker-Pro,GlobalSensors,-50.7,0.931,measurement,-1.3,95,1007.98,8.2,S,0,C/%/hPa,Luxor,Luxor,Egypt,25.695934,32.626824,76
2025-10-14T23:10:01.530403+03:00,ws_aswan_015,weather_station,OK,135,TRUE,v2.1.1,WST-5000,AcmeWeather,-62.4,0.939,measurement,-10.37,95,1008.41,5.72,W,0,C/%/hPa,Aswan,Aswan,Egypt,24.0496,32.867646,85
2025-10-14T23:10:01.530403+03:00,ws_cairo_016,weather_station,OK,136,TRUE,v2.0.1,Atmo-Tracker-Pro,AtmoCorp,-76.8,0.979,measurement,20.71,66.13,1008.26,6.86,E,0,C/%/hPa,Cairo,Greater Cairo,Egypt,30.06464,31.243248,23
2025-10-14T23:10:01.530403+03:00,ws_alexandria_017,weather_station,OK,137,TRUE,v2.1.1,Atmo-Tracker-Pro,GlobalSensors,-53.1,0.99,measurement,26.15,58.41,1006.27,4.58,SE,0,C/%/hPa,Alexandria,Alexandria,Egypt,31.247603,29.953011,5
2025-10-14T23:10:01.530403+03:00,ws_giza_018,weather_station,OK,138,TRUE,v2.1.1,WST-5001,AtmoCorp,-51.4,1,measurement,19.55,74.86,1007.72,11.71,SW,0,C/%/hPa,Giza,Giza,Egypt,30.024697,31.125513,19
2025-10-14T23:10:01.530403+03:00,ws_luxor_019,weather_station,OK,139,TRUE,v2.1.0,WST-5001,AcmeWeather,-50.9,0.928,measurement,-2.56,95,1007.73,10.45,SE,0,C/%/hPa,Luxor,Luxor,Egypt,25.677876,32.632688,76
2025-10-14T23:10:01.530403+03:00,ws_aswan_020,weather_station,OK,140,TRUE,v2.1.1,Atmo-Tracker-Pro,GlobalSensors,-78.6,0.952,measurement,-9.19,95,1007.44,9.4,E,0,C/%/hPa,Aswan,Aswan,Egypt,24.136258,32.92627,85
2025-10-14T23:10:06.530608+03:00,ws_cairo_001,weather_station,OK,141,TRUE,v2.0.1,Atmo-Tracker-Pro,AcmeWeather,-63.4,0.978,measurement,20.11,65.81,1009.27,7.03,NW,0,C/%/hPa,Cairo,Greater Cairo,Egypt,30.077366,31.230186,23
2025-10-14T23:10:06.530608+03:00,ws_alexandria_002,weather_station,OK,142,TRUE,v2.1.0,WST-5000,AtmoCorp,-66.2,0.967,measurement,26.19,56.51,1009.23,7.35,NW,0,C/%/hPa,Alexandria,Alexandria,Egypt,31.219038,29.910748,5
2025-10-14T23:10:06.530608+03:00,ws_giza_003,weather_station,OK,143,TRUE,v2.0.1,WST-5000,AtmoCorp,-56.7,0.969,measurement,20.82,73.9,1008.18,4.75,N,0,C/%/hPa,Giza,Giza,Egypt,29.995074,31.128846,19
2025-10-14T23:10:06.530608+03:00,ws_luxor_004,weather_station,OK,144,TRUE,v2.1.0,Atmo-Tracker-Pro,AtmoCorp,-67.7,0.953,measurement,-1.08,95,1008.54,1.57,N,0,C/%/hPa,Luxor,Luxor,Egypt,25.683214,32.658927,76
2025-10-14T23:10:06.530608+03:00,ws_aswan_005,weather_station,OK,145,TRUE,v2.1.1,Atmo-Tracker-Pro,AcmeWeather,-79.6,0.977,measurement,-9.87,95,1006.71,7.15,SW,0,C/%/hPa,Aswan,Aswan,Egypt,24.091795,32.909064,85
2025-10-14T23:10:06.530608+03:00,ws_cairo_006,weather_station,OK,146,TRUE,v2.1.1,WST-5000,AtmoCorp,-65.4,0.908,measurement,20.98,62.03,1007.67,5.15,NW,0,C/%/hPa,Cairo,Greater Cairo,Egypt,30.059139,31.256857,23
2025-10-14T23:10:06.530608+03:00,ws_alexandria_007,weather_station,OK,147,TRUE,v2.0.1,WST-5001,AcmeWeather,-65.7,0.94,measurement,26.28,65.65,1008.56,8.09,NW,0,C/%/hPa,Alexandria,Alexandria,Egypt,31.158593,29.884174,5
2025-10-14T23:10:06.530608+03:00,ws_giza_008,weather_station,OK,148,TRUE,v2.1.1,Atmo-Tracker-Pro,AcmeWeather,-57.4,0.903,measurement,21.66,60.04,1007.39,1.89,SW,0,C/%/hPa,Giza,Giza,Egypt,30.02261,31.13703,19
2025-10-14T23:10:06.530608+03:00,ws_luxor_009,weather_station,OK,149,TRUE,v2.1.0,WST-5000,AtmoCorp,-51.2,0.954,measurement,-2.32,95,1008.56,9.46,S,0,C/%/hPa,Luxor,Luxor,Egypt,25.687999,32.64289,76
2025-10-14T23:10:06.530608+03:00,ws_aswan_010,weather_station,OK,150,TRUE,v2.0.1,WST-5001,GlobalSensors,-66.7,0.911,measurement,-9.91,95,1006.49,9.74,W,0,C/%/hPa,Aswan,Aswan,Egypt,24.078092,32.851068,85
2025-10-14T23:10:06.530608+03:00,ws_cairo_011,weather_station,OK,151,TRUE,v2.1.1,WST-5001,AcmeWeather,-70.1,0.906,measurement,18.9,64.18,1009.33,3.83,E,0,C/%/hPa,Cairo,Greater Cairo,Egypt,30.018748,31.249966,23
2025-10-14T23:10:06.530608+03:00,ws_alexandria_012,weather_station,OK,152,TRUE,v2.0.1,WST-5000,GlobalSensors,-77.8,0.933,measurement,26.91,55.84,1007.88,8.99,S,0,C/%/hPa,Alexandria,Alexandria,Egypt,31.23455,29.926658,5
2025-10-14T23:10:06.530608+03:00,ws_giza_013,weather_station,OK,153,TRUE,v2.1.1,WST-5000,AcmeWeather,-62.4,0.926,measurement,20.88,68.38,1008.44,5.75,NE,0,C/%/hPa,Giza,Giza,Egypt,29.937859,31.147456,19
2025-10-14T23:10:06.530608+03:00,ws_luxor_014,weather_station,OK,154,TRUE,v2.1.0,Atmo-Tracker-Pro,GlobalSensors,-77.9,0.941,measurement,-1.43,95,1007.38,8.44,W,0,C/%/hPa,Luxor,Luxor,Egypt,25.695934,32.626824,76
2025-10-14T23:10:06.530608+03:00,ws_aswan_015,weather_station,OK,155,TRUE,v2.1.1,WST-5000,AcmeWeather,-64,0.933,measurement,-9.48,95,1007.35,11.01,NW,0,C/%/hPa,Aswan,Aswan,Egypt,24.0496,32.867646,85
2025-10-14T23:10:06.530608+03:00,ws_cairo_016,weather_station,OK,156,TRUE,v2.0.1,Atmo-Tracker-Pro,AtmoCorp,-54.3,0.9,measurement,21.45,67.63,1009.26,8,E,0,C/%/hPa,Cairo,Greater Cairo,Egypt,30.06464,31.243248,23
2025-10-14T23:10:06.530608+03:00,ws_alexandria_017,weather_station,OK,157,TRUE,v2.1.1,Atmo-Tracker-Pro,GlobalSensors,-50.1,0.982,measurement,25.8,60.45,1009.21,7.59,SE,0,C/%/hPa,Alexandria,Alexandria,Egypt,31.247603,29.953011,5
2025-10-14T23:10:06.530608+03:00,ws_giza_018,weather_station,OK,158,TRUE,v2.1.1,WST-5001,AtmoCorp,-64.1,0.968,measurement,19.72,66.31,1007.53,7.89,E,0,C/%/hPa,Giza,Giza,Egypt,30.024697,31.125513,19
2025-10-14T23:10:06.530608+03:00,ws_luxor_019,weather_station,OK,159,TRUE,v2.1.0,WST-5001,AcmeWeather,-53.3,0.944,measurement,-1.88,95,1008.69,10.02,S,0,C/%/hPa,Luxor,Luxor,Egypt,25.677876,32.632688,76
2025-10-14T23:10:06.530608+03:00,ws_aswan_020,weather_station,OK,160,TRUE,v2.1.1,Atmo-Tracker-Pro,GlobalSensors,-66.7,0.956,measurement,-9.83,95,1007.49,10.24,SE,0,C/%/hPa,Aswan,Aswan,Egypt,24.136258,32.92627,85
2025-10-14T23:10:11.530850+03:00,ws_cairo_001,weather_station,OK,161,TRUE,v2.0.1,Atmo-Tracker-Pro,AcmeWeather,-56.6,0.973,measurement,21.46,73.74,1006.27,6.95,NW,0,C/%/hPa,Cairo,Greater Cairo,Egypt,30.077366,31.230186,23
2025-10-14T23:10:11.530850+03:00,ws_alexandria_002,weather_station,OK,162,TRUE,v2.1.0,WST-5000,AtmoCorp,-61,0.982,measurement,27.05,49.33,1008.15,9.55,W,0,C/%/hPa,Alexandria,Alexandria,Egypt,31.219038,29.910748,5
2025-10-14T23:10:11.530850+03:00,ws_giza_003,weather_station,OK,163,TRUE,v2.0.1,WST-5000,AtmoCorp,-78.3,0.92,measurement,20.42,71.23,1004.77,8.62,E,0,C/%/hPa,Giza,Giza,Egypt,29.995074,31.128846,19
2025-10-14T23:10:11.530850+03:00,ws_luxor_004,weather_station,OK,164,TRUE,v2.1.0,Atmo-Tracker-Pro,AtmoCorp,-65.4,0.991,measurement,-1.49,95,1007.85,7.8,N,0,C/%/hPa,Luxor,Luxor,Egypt,25.683214,32.658927,76
2025-10-14T23:10:11.530850+03:00,ws_aswan_005,weather_station,OK,165,TRUE,v2.1.1,Atmo-Tracker-Pro,AcmeWeather,-65.6,0.923,measurement,-9.71,95,1007.82,4.24,SE,0,C/%/hPa,Aswan,Aswan,Egypt,24.091795,32.909064,85
2025-10-14T23:10:11.530850+03:00,ws_cairo_006,weather_station,OK,166,TRUE,v2.1.1,WST-5000,AtmoCorp,-60,0.922,measurement,21.43,61.19,1008,4.71,E,0,C/%/hPa,Cairo,Greater Cairo,Egypt,30.059139,31.256857,23
2025-10-14T23:10:11.530850+03:00,ws_alexandria_007,weather_station,OK,167,TRUE,v2.0.1,WST-5001,AcmeWeather,-78,0.946,measurement,26.03,67.54,1007.1,5.68,S,0,C/%/hPa,Alexandria,Alexandria,Egypt,31.158593,29.884174,5
2025-10-14T23:10:11.530850+03:00,ws_giza_008,weather_station,OK,168,TRUE,v2.1.1,Atmo-Tracker-Pro,AcmeWeather,-78.4,0.971,measurement,19.87,73.62,1006.48,6.88,E,0,C/%/hPa,Giza,Giza,Egypt,30.02261,31.13703,19
2025-10-14T23:10:11.530850+03:00,ws_luxor_009,weather_station,OK,169,TRUE,v2.1.0,WST-5000,AtmoCorp,-72.4,0.92,measurement,-1.66,95,1006.43,6.12,S,0,C/%/hPa,Luxor,Luxor,Egypt,25.687999,32.64289,76
2025-10-14T23:10:11.530850+03:00,ws_aswan_010,weather_station,OK,170,TRUE,v2.0.1,WST-5001,GlobalSensors,-62.8,0.908,measurement,-8.89,95,1008.85,6.16,NE,0,C/%/hPa,Aswan,Aswan,Egypt,24.078092,32.851068,85
2025-10-14T23:10:11.530850+03:00,ws_cairo_011,weather_station,OK,171,TRUE,v2.1.1,WST-5001,AcmeWeather,-74.5,0.938,measurement,20.69,69.31,1008.62,4.04,E,0,C/%/hPa,Cairo,Greater Cairo,Egypt,30.018748,31.249966,23
2025-10-14T23:10:11.530850+03:00,ws_alexandria_012,weather_station,OK,172,TRUE,v2.0.1,WST-5000,GlobalSensors,-59.7,0.903,measurement,27.16,55.42,1006.32,9.73,SW,0,C/%/hPa,Alexandria,Alexandria,Egypt,31.23455,29.926658,5
2025-10-14T23:10:11.530850+03:00,ws_giza_013,weather_station,OK,173,TRUE,v2.1.1,WST-5000,AcmeWeather,-77.3,0.973,measurement,20.25,72.96,1005.85,2.44,N,0,C/%/hPa,Giza,Giza,Egypt,29.937859,31.147456,19
2025-10-14T23:10:11.530850+03:00,ws_luxor_014,weather_station,OK,174,TRUE,v2.1.0,Atmo-Tracker-Pro,GlobalSensors,-74.8,0.987,measurement,-2.68,95,1008.22,7.39,NW,0,C/%/hPa,Luxor,Luxor,Egypt,25.695934,32.626824,76
2025-10-14T23:10:11.530850+03:00,ws_aswan_015,weather_station,OK,175,TRUE,v2.1.1,WST-5000,AcmeWeather,-76.5,0.942,measurement,-10.09,95,1008.4,6.79,NE,0,C/%/hPa,Aswan,Aswan,Egypt,24.0496,32.867646,85
2025-10-14T23:10:11.530850+03:00,ws_cairo_016,weather_station,OK,176,TRUE,v2.0.1,Atmo-Tracker-Pro,AtmoCorp,-76,0.933,measurement,20.76,69.99,1009.58,3.82,N,0,C/%/hPa,Cairo,Greater Cairo,Egypt,30.06464,31.243248,23
2025-10-14T23:10:11.530850+03:00,ws_alexandria_017,weather_station,OK,177,TRUE,v2.1.1,Atmo-Tracker-Pro,GlobalSensors,-78.7,0.939,measurement,25.67,60.3,1007.24,8.04,E,0,C/%/hPa,Alexandria,Alexandria,Egypt,31.247603,29.953011,5
2025-10-14T23:10:11.530850+03:00,ws_giza_018,weather_station,OK,178,TRUE,v2.1.1,WST-5001,AtmoCorp,-60.6,0.909,measurement,20.7,73.93,1006.14,3.98,N,0,C/%/hPa,Giza,Giza,Egypt,30.024697,31.125513,19
2025-10-14T23:10:11.530850+03:00,ws_luxor_019,weather_station,OK,179,TRUE,v2.1.0,WST-5001,AcmeWeather,-75.5,0.958,measurement,-1.49,95,1007.97,10.87,S,0,C/%/hPa,Luxor,Luxor,Egypt,25.677876,32.632688,76
2025-10-14T23:10:11.530850+03:00,ws_aswan_020,weather_station,OK,180,TRUE,v2.1.1,Atmo-Tracker-Pro,GlobalSensors,-53.5,0.961,measurement,-9.83,95,1008.29,8.77,E,0,C/%/hPa,Aswan,Aswan,Egypt,24.136258,32.92627,85
2025-10-14T23:10:16.531400+03:00,ws_cairo_001,weather_station,OK,181,TRUE,v2.0.1,Atmo-Tracker-Pro,AcmeWeather,-65.9,0.962,measurement,20.71,75.65,1008.8,12.61,NW,0,C/%/hPa,Cairo,Greater Cairo,Egypt,30.077366,31.230186,23
2025-10-14T23:10:16.531400+03:00,ws_alexandria_002,weather_station,OK,182,TRUE,v2.1.0,WST-5000,AtmoCorp,-58.8,0.998,measurement,26.86,59.85,1008.85,5.93,W,0,C/%/hPa,Alexandria,Alexandria,Egypt,31.219038,29.910748,5
2025-10-14T23:10:16.531400+03:00,ws_giza_003,weather_station,OK,183,TRUE,v2.0.1,WST-5000,AtmoCorp,-63.1,0.935,measurement,20.1,60.41,1007.72,12.65,W,0,C/%/hPa,Giza,Giza,Egypt,29.995074,31.128846,19
2025-10-14T23:10:16.531400+03:00,ws_luxor_004,weather_station,OK,184,TRUE,v2.1.0,Atmo-Tracker-Pro,AtmoCorp,-66.6,0.976,measurement,-0.34,95,1007.6,5.07,W,0,C/%/hPa,Luxor,Luxor,Egypt,25.683214,32.658927,76
2025-10-14T23:10:16.531400+03:00,ws_aswan_005,weather_station,OK,185,TRUE,v2.1.1,Atmo-Tracker-Pro,AcmeWeather,-76.7,0.917,measurement,-9.86,95,1007.44,6.7,SE,0,C/%/hPa,Aswan,Aswan,Egypt,24.091795,32.909064,85
2025-10-14T23:10:16.531400+03:00,ws_cairo_006,weather_station,OK,186,TRUE,v2.1.1,WST-5000,AtmoCorp,-64.1,0.953,measurement,20.41,72.58,1006.9,3.96,NE,0,C/%/hPa,Cairo,Greater Cairo,Egypt,30.059139,31.256857,23
2025-10-14T23:10:16.531400+03:00,ws_alexandria_007,weather_station,OK,187,TRUE,v2.0.1,WST-5001,AcmeWeather,-56,0.966,measurement,26.98,53.2,1007.23,9.41,N,0,C/%/hPa,Alexandria,Alexandria,Egypt,31.158593,29.884174,5
2025-10-14T23:10:16.531400+03:00,ws_giza_008,weather_station,OK,188,TRUE,v2.1.1,Atmo-Tracker-Pro,AcmeWeather,-56.4,0.915,measurement,21.08,63,1007.13,12.14,N,0,C/%/hPa,Giza,Giza,Egypt,30.02261,31.13703,19
2025-10-14T23:10:16.531400+03:00,ws_luxor_009,weather_station,OK,189,TRUE,v2.1.0,WST-5000,AtmoCorp,-51,0.973,measurement,-2.17,95,1007.41,8.42,S,0,C/%/hPa,Luxor,Luxor,Egypt,25.687999,32.64289,76
2025-10-14T23:10:16.531400+03:00,ws_aswan_010,weather_station,OK,190,TRUE,v2.0.1,WST-5001,GlobalSensors,-52.7,0.94,measurement,-10.94,95,1007.76,3.21,N,0,C/%/hPa,Aswan,Aswan,Egypt,24.078092,32.851068,85
2025-10-14T23:10:16.531400+03:00,ws_cairo_011,weather_station,OK,191,TRUE,v2.1.1,WST-5001,AcmeWeather,-66.8,0.941,measurement,18.83,76,1006.42,11.46,SE,0,C/%/hPa,Cairo,Greater Cairo,Egypt,30.018748,31.249966,23
2025-10-14T23:10:16.531400+03:00,ws_alexandria_012,weather_station,OK,192,TRUE,v2.0.1,WST-5000,GlobalSensors,-63,0.976,measurement,26.24,56.34,1009.46,6.17,SW,0,C/%/hPa,Alexandria,Alexandria,Egypt,31.23455,29.926658,5
2025-10-14T23:10:16.531400+03:00,ws_giza_013,weather_station,OK,193,TRUE,v2.1.1,WST-5000,AcmeWeather,-76.3,0.917,measurement,20.15,70.48,1007.85,7.25,NW,0,C/%/hPa,Giza,Giza,Egypt,29.937859,31.147456,19
2025-10-14T23:10:16.531400+03:00,ws_luxor_014,weather_station,OK,194,TRUE,v2.1.0,Atmo-Tracker-Pro,GlobalSensors,-64.6,0.941,measurement,-1.32,95,1008.48,5.44,W,0,C/%/hPa,Luxor,Luxor,Egypt,25.695934,32.626824,76
2025-10-14T23:10:16.531400+03:00,ws_aswan_015,weather_station,OK,195,TRUE,v2.1.1,WST-5000,AcmeWeather,-74.2,0.97,measurement,-9.08,95,1007.64,5.33,SE,0,C/%/hPa,Aswan,Aswan,Egypt,24.0496,32.867646,85
2025-10-14T23:10:16.531400+03:00,ws_cairo_016,weather_station,OK,196,TRUE,v2.0.1,Atmo-Tracker-Pro,AtmoCorp,-73.5,0.951,measurement,21.14,70.12,1007.49,5.64,NW,0,C/%/hPa,Cairo,Greater Cairo,Egypt,30.06464,31.243248,23
2025-10-14T23:10:16.531400+03:00,ws_alexandria_017,weather_station,OK,197,TRUE,v2.1.1,Atmo-Tracker-Pro,GlobalSensors,-67.1,0.979,measurement,26.04,59.63,1009.59,10.21,N,0,C/%/hPa,Alexandria,Alexandria,Egypt,31.247603,29.953011,5
2025-10-14T23:10:16.531400+03:00,ws_giza_018,weather_station,OK,198,TRUE,v2.1.1,WST-5001,AtmoCorp,-53.6,0.979,measurement,19.26,74.02,1007.06,11.64,S,0,C/%/hPa,Giza,Giza,Egypt,30.024697,31.125513,19
2025-10-14T23:10:16.531400+03:00,ws_luxor_019,weather_station,OK,199,TRUE,v2.1.0,WST-5001,AcmeWeather,-61.1,0.97,measurement,-2.26,95,1006.87,10.27,NW,0,C/%/hPa,Luxor,Luxor,Egypt,25.677876,32.632688,76
2025-10-14T23:10:16.531400+03:00,ws_aswan_020,weather_station,OK,200,TRUE,v2.1.1,Atmo-Tracker-Pro,GlobalSensors,-71.1,0.935,measurement,-8.56,95,1007.01,10.18,E,0,C/%/hPa,Aswan,Aswan,Egypt,24.136258,32.92627,85
2025-10-14T23:10:21.531495+03:00,ws_cairo_001,weather_station,OK,201,TRUE,v2.0.1,Atmo-Tracker-Pro,AcmeWeather,-73.5,0.917,measurement,20.16,56.28,1007.09,6.1,E,0,C/%/hPa,Cairo,Greater Cairo,Egypt,30.077366,31.230186,23
2025-10-14T23:10:21.531495+03:00,ws_alexandria_002,weather_station,OK,202,TRUE,v2.1.0,WST-5000,AtmoCorp,-73,0.95,measurement,26.92,59.72,1009.69,5.52,SW,0,C/%/hPa,Alexandria,Alexandria,Egypt,31.219038,29.910748,5
2025-10-14T23:10:21.531495+03:00,ws_giza_003,weather_station,OK,203,TRUE,v2.0.1,WST-5000,AtmoCorp,-77.1,0.921,measurement,19.79,67.43,1006.91,11.63,NE,0,C/%/hPa,Giza,Giza,Egypt,29.995074,31.128846,19
2025-10-14T23:10:21.531495+03:00,ws_luxor_004,weather_station,OK,204,TRUE,v2.1.0,Atmo-Tracker-Pro,AtmoCorp,-69.6,0.907,measurement,-1.57,95,1007.35,9.7,N,0,C/%/hPa,Luxor,Luxor,Egypt,25.683214,32.658927,76
2025-10-14T23:10:21.531495+03:00,ws_aswan_005,weather_station,OK,205,TRUE,v2.1.1,Atmo-Tracker-Pro,AcmeWeather,-77.3,0.966,measurement,-9.27,95,1007.09,2.45,W,0,C/%/hPa,Aswan,Aswan,Egypt,24.091795,32.909064,85
2025-10-14T23:10:21.531495+03:00,ws_cairo_006,weather_station,OK,206,TRUE,v2.1.1,WST-5000,AtmoCorp,-69,0.995,measurement,20.62,69.96,1007.53,10.05,E,0,C/%/hPa,Cairo,Greater Cairo,Egypt,30.059139,31.256857,23
2025-10-14T23:10:21.531495+03:00,ws_alexandria_007,weather_station,OK,207,TRUE,v2.0.1,WST-5001,AcmeWeather,-73.3,0.968,measurement,25.41,61.64,1007.32,7.31,SE,0,C/%/hPa,Alexandria,Alexandria,Egypt,31.158593,29.884174,5
2025-10-14T23:10:21.531495+03:00,ws_giza_008,weather_station,OK,208,TRUE,v2.1.1,Atmo-Tracker-Pro,AcmeWeather,-73.1,0.934,measurement,21.6,66.02,1009.23,11.04,SW,0,C/%/hPa,Giza,Giza,Egypt,30.02261,31.13703,19
2025-10-14T23:10:21.531495+03:00,ws_luxor_009,weather_station,OK,209,TRUE,v2.1.0,WST-5000,AtmoCorp,-73.7,0.985,measurement,-1.87,95,1007.14,5.98,E,0,C/%/hPa,Luxor,Luxor,Egypt,25.687999,32.64289,76
2025-10-14T23:10:21.531495+03:00,ws_aswan_010,weather_station,OK,210,TRUE,v2.0.1,WST-5001,GlobalSensors,-58,0.933,measurement,-9.93,95,1008.89,4.87,NE,0,C/%/hPa,Aswan,Aswan,Egypt,24.078092,32.851068,85
2025-10-14T23:10:21.531495+03:00,ws_cairo_011,weather_station,OK,211,TRUE,v2.1.1,WST-5001,AcmeWeather,-77.8,0.965,measurement,19.55,69.33,1007.72,5.7,S,0,C/%/hPa,Cairo,Greater Cairo,Egypt,30.018748,31.249966,23
2025-10-14T23:10:21.531495+03:00,ws_alexandria_012,weather_station,OK,212,TRUE,v2.0.1,WST-5000,GlobalSensors,-50.4,0.938,measurement,26.21,50.96,1006.97,6.27,NE,0,C/%/hPa,Alexandria,Alexandria,Egypt,31.23455,29.926658,5
2025-10-14T23:10:21.531495+03:00,ws_giza_013,weather_station,OK,213,TRUE,v2.1.1,WST-5000,AcmeWeather,-67.2,0.996,measurement,19.23,70.62,1008.2,4.64,NE,0,C/%/hPa,Giza,Giza,Egypt,29.937859,31.147456,19
2025-10-14T23:10:21.531495+03:00,ws_luxor_014,weather_station,OK,214,TRUE,v2.1.0,Atmo-Tracker-Pro,GlobalSensors,-73.7,0.975,measurement,-2.35,95,1008.4,4.02,SE,0,C/%/hPa,Luxor,Luxor,Egypt,25.695934,32.626824,76
2025-10-14T23:10:21.531495+03:00,ws_aswan_015,weather_station,OK,215,TRUE,v2.1.1,WST-5000,AcmeWeather,-69,0.903,measurement,-9.04,95,1007.13,9.99,W,0.07,C/%/hPa,Aswan,Aswan,Egypt,24.0496,32.867646,85
2025-10-14T23:10:21.531495+03:00,ws_cairo_016,weather_station,OK,216,TRUE,v2.0.1,Atmo-Tracker-Pro,AtmoCorp,-67.4,0.963,measurement,20.22,69.53,1007.2,6.45,N,0,C/%/hPa,Cairo,Greater Cairo,Egypt,30.06464,31.243248,23
2025-10-14T23:10:21.531495+03:00,ws_alexandria_017,weather_station,OK,217,TRUE,v2.1.1,Atmo-Tracker-Pro,GlobalSensors,-70.9,0.926,measurement,26.42,49.9,1008.17,5.5,SW,0,C/%/hPa,Alexandria,Alexandria,Egypt,31.247603,29.953011,5
2025-10-14T23:10:21.531495+03:00,ws_giza_018,weather_station,OK,218,TRUE,v2.1.1,WST-5001,AtmoCorp,-78.5,0.951,measurement,19.78,73.32,1007.64,9.56,E,0,C/%/hPa,Giza,Giza,Egypt,30.024697,31.125513,19
2025-10-14T23:10:21.531495+03:00,ws_luxor_019,weather_station,OK,219,TRUE,v2.1.0,WST-5001,AcmeWeather,-77.2,0.92,measurement,-2.52,95,1008.33,8.61,NW,0,C/%/hPa,Luxor,Luxor,Egypt,25.677876,32.632688,76
2025-10-14T23:10:21.531495+03:00,ws_aswan_020,weather_station,OK,220,TRUE,v2.1.1,Atmo-Tracker-Pro,GlobalSensors,-79.8,0.932,measurement,-9.81,95,1008.65,11.8,S,0,C/%/hPa,Aswan,Aswan,Egypt,24.136258,32.92627,85
2025-10-14T23:10:26.531934+03:00,ws_cairo_001,weather_station,OK,221,TRUE,v2.0.1,Atmo-Tracker-Pro,AcmeWeather,-78.4,0.912,measurement,21.47,72.71,1008.17,3.4,E,0,C/%/hPa,Cairo,Greater Cairo,Egypt,30.077366,31.230186,23
2025-10-14T23:10:26.531934+03:00,ws_alexandria_002,weather_station,OK,222,TRUE,v2.1.0,WST-5000,AtmoCorp,-72.6,0.97,measurement,25.84,63.54,1008.72,5.42,S,0,C/%/hPa,Alexandria,Alexandria,Egypt,31.219038,29.910748,5
2025-10-14T23:10:26.531934+03:00,ws_giza_003,weather_station,OK,223,TRUE,v2.0.1,WST-5000,AtmoCorp,-71.9,0.987,measurement,20.75,67.99,1008.48,6.04,W,0,C/%/hPa,Giza,Giza,Egypt,29.995074,31.128846,19
2025-10-14T23:10:26.531934+03:00,ws_luxor_004,weather_station,OK,224,TRUE,v2.1.0,Atmo-Tracker-Pro,AtmoCorp,-64.1,0.996,measurement,-0.84,95,1007.82,3.33,NW,0,C/%/hPa,Luxor,Luxor,Egypt,25.683214,32.658927,76
2025-10-14T23:10:26.531934+03:00,ws_aswan_005,weather_station,OK,225,TRUE,v2.1.1,Atmo-Tracker-Pro,AcmeWeather,-79.9,0.951,measurement,-9.94,95,1008.84,3.56,S,0,C/%/hPa,Aswan,Aswan,Egypt,24.091795,32.909064,85
2025-10-14T23:10:26.531934+03:00,ws_cairo_006,weather_station,OK,226,TRUE,v2.1.1,WST-5000,AtmoCorp,-57,0.941,measurement,20.9,65.88,1007.58,4.59,SW,0,C/%/hPa,Cairo,Greater Cairo,Egypt,30.059139,31.256857,23
2025-10-14T23:10:26.531934+03:00,ws_alexandria_007,weather_station,OK,227,TRUE,v2.0.1,WST-5001,AcmeWeather,-73.4,0.984,measurement,25.82,57.19,1008.73,12.84,E,0,C/%/hPa,Alexandria,Alexandria,Egypt,31.158593,29.884174,5
2025-10-14T23:10:26.531934+03:00,ws_giza_008,weather_station,OK,228,TRUE,v2.1.1,Atmo-Tracker-Pro,AcmeWeather,-50.6,0.983,measurement,20.18,68.09,1009.45,7.37,N,0,C/%/hPa,Giza,Giza,Egypt,30.02261,31.13703,19
2025-10-14T23:10:26.531934+03:00,ws_luxor_009,weather_station,OK,229,TRUE,v2.1.0,WST-5000,AtmoCorp,-54,0.994,measurement,-1.65,95,1006.92,4.53,W,0,C/%/hPa,Luxor,Luxor,Egypt,25.687999,32.64289,76
2025-10-14T23:10:26.531934+03:00,ws_aswan_010,weather_station,OK,230,TRUE,v2.0.1,WST-5001,GlobalSensors,-65.5,0.967,measurement,-9.04,95,1007.66,14.23,S,0,C/%/hPa,Aswan,Aswan,Egypt,24.078092,32.851068,85
2025-10-14T23:10:26.531934+03:00,ws_cairo_011,weather_station,OK,231,TRUE,v2.1.1,WST-5001,AcmeWeather,-70.1,0.98,measurement,19.35,70.2,1007.53,11.59,N,0,C/%/hPa,Cairo,Greater Cairo,Egypt,30.018748,31.249966,23
2025-10-14T23:10:26.531934+03:00,ws_alexandria_012,weather_station,OK,232,TRUE,v2.0.1,WST-5000,GlobalSensors,-76.2,0.999,measurement,26.23,53.88,1007.61,6.11,NW,0,C/%/hPa,Alexandria,Alexandria,Egypt,31.23455,29.926658,5
2025-10-14T23:10:26.531934+03:00,ws_giza_013,weather_station,OK,233,TRUE,v2.1.1,WST-5000,AcmeWeather,-72.9,0.983,measurement,19.79,79.39,1008.37,4.12,N,0,C/%/hPa,Giza,Giza,Egypt,29.937859,31.147456,19
2025-10-14T23:10:26.531934+03:00,ws_luxor_014,weather_station,OK,234,TRUE,v2.1.0,Atmo-Tracker-Pro,GlobalSensors,-61.9,0.959,measurement,-1.66,95,1007.87,7.44,N,0,C/%/hPa,Luxor,Luxor,Egypt,25.695934,32.626824,76
2025-10-14T23:10:26.531934+03:00,ws_aswan_015,weather_station,OK,235,TRUE,v2.1.1,WST-5000,AcmeWeather,-64.9,0.915,measurement,-9.15,95,1007.59,9.61,W,0,C/%/hPa,Aswan,Aswan,Egypt,24.0496,32.867646,85
2025-10-14T23:10:26.531934+03:00,ws_cairo_016,weather_station,OK,236,TRUE,v2.0.1,Atmo-Tracker-Pro,AtmoCorp,-52.4,0.949,measurement,20.05,64.98,1006.03,10.59,S,0,C/%/hPa,Cairo,Greater Cairo,Egypt,30.06464,31.243248,23
2025-10-14T23:10:26.531934+03:00,ws_alexandria_017,weather_station,OK,237,TRUE,v2.1.1,Atmo-Tracker-Pro,GlobalSensors,-58.3,0.95,measurement,26.68,53.3,1007.4,9.59,NW,0,C/%/hPa,Alexandria,Alexandria,Egypt,31.247603,29.953011,5
2025-10-14T23:10:26.531934+03:00,ws_giza_018,weather_station,OK,238,TRUE,v2.1.1,WST-5001,AtmoCorp,-54.8,0.99,measurement,19.36,73.51,1006.96,9.59,N,0,C/%/hPa,Giza,Giza,Egypt,30.024697,31.125513,19
2025-10-14T23:10:26.531934+03:00,ws_luxor_019,weather_station,OK,239,TRUE,v2.1.0,WST-5001,AcmeWeather,-72,0.93,measurement,-1.38,95,1007.53,6.84,E,0,C/%/hPa,Luxor,Luxor,Egypt,25.677876,32.632688,76
2025-10-14T23:10:26.531934+03:00,ws_aswan_020,weather_station,OK,240,TRUE,v2.1.1,Atmo-Tracker-Pro,GlobalSensors,-52.4,0.926,measurement,-10.77,95,1005.38,3.73,N,0,C/%/hPa,Aswan,Aswan,Egypt,24.136258,32.92627,85
2025-10-14T23:10:31.532208+03:00,ws_cairo_001,weather_station,OK,241,TRUE,v2.0.1,Atmo-Tracker-Pro,AcmeWeather,-79.7,0.95,measurement,20.41,58,1009.31,4.44,SE,0,C/%/hPa,Cairo,Greater Cairo,Egypt,30.077366,31.230186,23
2025-10-14T23:10:31.532208+03:00,ws_alexandria_002,weather_station,OK,242,TRUE,v2.1.0,WST-5000,AtmoCorp,-52.9,0.941,measurement,26.39,51.65,1009.29,3.84,N,0,C/%/hPa,Alexandria,Alexandria,Egypt,31.219038,29.910748,5
2025-10-14T23:10:31.532208+03:00,ws_giza_003,weather_station,OK,243,TRUE,v2.0.1,WST-5000,AtmoCorp,-72.4,0.984,measurement,20.52,65.99,1010.29,2.38,W,0,C/%/hPa,Giza,Giza,Egypt,29.995074,31.128846,19
2025-10-14T23:10:31.532208+03:00,ws_luxor_004,weather_station,OK,244,TRUE,v2.1.0,Atmo-Tracker-Pro,AtmoCorp,-53.7,0.945,measurement,-1.46,95,1007.82,11.27,N,0,C/%/hPa,Luxor,Luxor,Egypt,25.683214,32.658927,76
2025-10-14T23:10:31.532208+03:00,ws_aswan_005,weather_station,OK,245,TRUE,v2.1.1,Atmo-Tracker-Pro,AcmeWeather,-50.9,0.983,measurement,-9.14,95,1008.21,12.98,SE,0,C/%/hPa,Aswan,Aswan,Egypt,24.091795,32.909064,85
2025-10-14T23:10:31.532208+03:00,ws_cairo_006,weather_station,OK,246,TRUE,v2.1.1,WST-5000,AtmoCorp,-50.9,0.965,measurement,20.28,72.09,1008.88,11.04,NW,0,C/%/hPa,Cairo,Greater Cairo,Egypt,30.059139,31.256857,23
2025-10-14T23:10:31.532208+03:00,ws_alexandria_007,weather_station,OK,247,TRUE,v2.0.1,WST-5001,AcmeWeather,-50.3,0.98,measurement,25.87,55.19,1007.76,4.41,SW,0,C/%/hPa,Alexandria,Alexandria,Egypt,31.158593,29.884174,5
2025-10-14T23:10:31.532208+03:00,ws_giza_008,weather_station,OK,248,TRUE,v2.1.1,Atmo-Tracker-Pro,AcmeWeather,-62.4,0.943,measurement,20.23,71.56,1007.44,8.48,SE,0,C/%/hPa,Giza,Giza,Egypt,30.02261,31.13703,19
2025-10-14T23:10:31.532208+03:00,ws_luxor_009,weather_station,OK,249,TRUE,v2.1.0,WST-5000,AtmoCorp,-67,0.951,measurement,-2.18,95,1007.1,8.32,NE,0,C/%/hPa,Luxor,Luxor,Egypt,25.687999,32.64289,76
2025-10-14T23:10:31.532208+03:00,ws_aswan_010,weather_station,OK,250,TRUE,v2.0.1,WST-5001,GlobalSensors,-70,0.923,measurement,-9.59,95,1010.1,4.38,W,0,C/%/hPa,Aswan,Aswan,Egypt,24.078092,32.851068,85
2025-10-14T23:10:31.532208+03:00,ws_cairo_011,weather_station,OK,251,TRUE,v2.1.1,WST-5001,AcmeWeather,-73.3,0.998,measurement,20.09,63.47,1008.36,6.09,NE,0,C/%/hPa,Cairo,Greater Cairo,Egypt,30.018748,31.249966,23
2025-10-14T23:10:31.532208+03:00,ws_alexandria_012,weather_station,OK,252,TRUE,v2.0.1,WST-5000,GlobalSensors,-75,0.97,measurement,27.26,54.05,1008.17,7.05,NW,0,C/%/hPa,Alexandria,Alexandria,Egypt,31.23455,29.926658,5
2025-10-14T23:10:31.532208+03:00,ws_giza_013,weather_station,OK,253,TRUE,v2.1.1,WST-5000,AcmeWeather,-51.7,0.931,measurement,20.33,75.75,1008.44,8.03,NW,0,C/%/hPa,Giza,Giza,Egypt,29.937859,31.147456,19
2025-10-14T23:10:31.532208+03:00,ws_luxor_014,weather_station,OK,254,TRUE,v2.1.0,Atmo-Tracker-Pro,GlobalSensors,-63.6,0.917,measurement,-2.07,95,1008.08,0.64,E,0,C/%/hPa,Luxor,Luxor,Egypt,25.695934,32.626824,76
2025-10-14T23:10:31.532208+03:00,ws_aswan_015,weather_station,OK,255,TRUE,v2.1.1,WST-5000,AcmeWeather,-57.4,0.916,measurement,-9.62,95,1008.64,10.4,SW,0,C/%/hPa,Aswan,Aswan,Egypt,24.0496,32.867646,85
2025-10-14T23:10:31.532208+03:00,ws_cairo_016,weather_station,OK,256,TRUE,v2.0.1,Atmo-Tracker-Pro,AtmoCorp,-79.7,0.931,measurement,19.95,71.49,1009.01,7.8,SW,0,C/%/hPa,Cairo,Greater Cairo,Egypt,30.06464,31.243248,23
2025-10-14T23:10:31.532208+03:00,ws_alexandria_017,weather_station,OK,257,TRUE,v2.1.1,Atmo-Tracker-Pro,GlobalSensors,-75.5,0.908,measurement,26.03,61.46,1009.07,12.26,E,0,C/%/hPa,Alexandria,Alexandria,Egypt,31.247603,29.953011,5
2025-10-14T23:10:31.532208+03:00,ws_giza_018,weather_station,OK,258,TRUE,v2.1.1,WST-5001,AtmoCorp,-56.9,0.917,measurement,19.73,71.77,1009.57,3.01,N,0,C/%/hPa,Giza,Giza,Egypt,30.024697,31.125513,19
2025-10-14T23:10:31.532208+03:00,ws_luxor_019,weather_station,OK,259,TRUE,v2.1.0,WST-5001,AcmeWeather,-72.4,0.948,measurement,-2.34,95,1009.22,9.65,NW,0,C/%/hPa,Luxor,Luxor,Egypt,25.677876,32.632688,76
2025-10-14T23:10:31.532208+03:00,ws_aswan_020,weather_station,OK,260,TRUE,v2.1.1,Atmo-Tracker-Pro,GlobalSensors,-66.9,0.958,measurement,-9.38,95,1008.37,7.76,S,0,C/%/hPa,Aswan,Aswan,Egypt,24.136258,32.92627,85
2025-10-14T23:10:36.532388+03:00,ws_cairo_001,weather_station,OK,261,TRUE,v2.0.1,Atmo-Tracker-Pro,AcmeWeather,-67.5,0.911,measurement,21.27,69.53,1008.08,6,NW,0,C/%/hPa,Cairo,Greater Cairo,Egypt,30.077366,31.230186,23
2025-10-14T23:10:36.532388+03:00,ws_alexandria_002,weather_station,OK,262,TRUE,v2.1.0,WST-5000,AtmoCorp,-54.1,0.979,measurement,26.06,54.41,1007.33,12.25,SE,0,C/%/hPa,Alexandria,Alexandria,Egypt,31.219038,29.910748,5
2025-10-14T23:10:36.532388+03:00,ws_giza_003,weather_station,OK,263,TRUE,v2.0.1,WST-5000,AtmoCorp,-53,0.91,measurement,20.31,77.43,1007.48,9.53,SE,0,C/%/hPa,Giza,Giza,Egypt,29.995074,31.128846,19
2025-10-14T23:10:36.532388+03:00,ws_luxor_004,weather_station,OK,264,TRUE,v2.1.0,Atmo-Tracker-Pro,AtmoCorp,-72.6,0.949,measurement,-0.15,95,1006.94,7.11,SW,0,C/%/hPa,Luxor,Luxor,Egypt,25.683214,32.658927,76
2025-10-14T23:10:36.532388+03:00,ws_aswan_005,weather_station,OK,265,TRUE,v2.1.1,Atmo-Tracker-Pro,AcmeWeather,-80,0.964,measurement,-9.62,95,1008.02,8.27,E,0,C/%/hPa,Aswan,Aswan,Egypt,24.091795,32.909064,85
2025-10-14T23:10:36.532388+03:00,ws_cairo_006,weather_station,OK,266,TRUE,v2.1.1,WST-5000,AtmoCorp,-70.2,0.911,measurement,19.96,71.7,1007.71,6.68,NE,0,C/%/hPa,Cairo,Greater Cairo,Egypt,30.059139,31.256857,23
2025-10-14T23:10:36.532388+03:00,ws_alexandria_007,weather_station,OK,267,TRUE,v2.0.1,WST-5001,AcmeWeather,-76.4,0.948,measurement,26.38,52.05,1008.69,3.87,S,0,C/%/hPa,Alexandria,Alexandria,Egypt,31.158593,29.884174,5
2025-10-14T23:10:36.532388+03:00,ws_giza_008,weather_station,OK,268,TRUE,v2.1.1,Atmo-Tracker-Pro,AcmeWeather,-58.3,0.906,measurement,20.37,65.08,1010.07,10.61,SE,0,C/%/hPa,Giza,Giza,Egypt,30.02261,31.13703,19
2025-10-14T23:10:36.532388+03:00,ws_luxor_009,weather_station,OK,269,TRUE,v2.1.0,WST-5000,AtmoCorp,-67.8,0.93,measurement,-1.64,95,1009.42,7.32,NE,0,C/%/hPa,Luxor,Luxor,Egypt,25.687999,32.64289,76
2025-10-14T23:10:36.532388+03:00,ws_aswan_010,weather_station,OK,270,TRUE,v2.0.1,WST-5001,GlobalSensors,-51.6,0.921,measurement,-8.99,95,1007.46,9.84,W,0,C/%/hPa,Aswan,Aswan,Egypt,24.078092,32.851068,85
2025-10-14T23:10:36.532388+03:00,ws_cairo_011,weather_station,OK,271,TRUE,v2.1.1,WST-5001,AcmeWeather,-63.6,0.951,measurement,19.73,68.52,1008.19,4.61,SW,0,C/%/hPa,Cairo,Greater Cairo,Egypt,30.018748,31.249966,23
2025-10-14T23:10:36.532388+03:00,ws_alexandria_012,weather_station,OK,272,TRUE,v2.0.1,WST-5000,GlobalSensors,-56,0.99,measurement,27.23,63.65,1009.4,2.61,E,0,C/%/hPa,Alexandria,Alexandria,Egypt,31.23455,29.926658,5
2025-10-14T23:10:36.532388+03:00,ws_giza_013,weather_station,OK,273,TRUE,v2.1.1,WST-5000,AcmeWeather,-53,0.907,measurement,20.55,74.57,1006.96,3.06,SE,0,C/%/hPa,Giza,Giza,Egypt,29.937859,31.147456,19
2025-10-14T23:10:36.532388+03:00,ws_luxor_014,weather_station,OK,274,TRUE,v2.1.0,Atmo-Tracker-Pro,GlobalSensors,-77.7,0.952,measurement,-1.41,95,1007.72,6.87,N,0,C/%/hPa,Luxor,Luxor,Egypt,25.695934,32.626824,76
2025-10-14T23:10:36.532388+03:00,ws_aswan_015,weather_station,OK,275,TRUE,v2.1.1,WST-5000,AcmeWeather,-54.9,0.985,measurement,-9.29,95,1007.02,5.23,W,0,C/%/hPa,Aswan,Aswan,Egypt,24.0496,32.867646,85
2025-10-14T23:10:36.532388+03:00,ws_cairo_016,weather_station,OK,276,TRUE,v2.0.1,Atmo-Tracker-Pro,AtmoCorp,-52.1,0.984,measurement,20.33,68.79,1007.42,8.07,NE,0,C/%/hPa,Cairo,Greater Cairo,Egypt,30.06464,31.243248,23
2025-10-14T23:10:36.532388+03:00,ws_alexandria_017,weather_station,OK,277,TRUE,v2.1.1,Atmo-Tracker-Pro,GlobalSensors,-56.4,0.978,measurement,26.18,61.16,1007.48,7.53,N,0,C/%/hPa,Alexandria,Alexandria,Egypt,31.247603,29.953011,5
2025-10-14T23:10:36.532388+03:00,ws_giza_018,weather_station,OK,278,TRUE,v2.1.1,WST-5001,AtmoCorp,-51.1,0.916,measurement,19.66,72.11,1005.82,8.5,N,0,C/%/hPa,Giza,Giza,Egypt,30.024697,31.125513,19
2025-10-14T23:10:36.532388+03:00,ws_luxor_019,weather_station,OK,279,TRUE,v2.1.0,WST-5001,AcmeWeather,-62.8,0.948,measurement,-2.26,95,1007.59,7.67,SE,0,C/%/hPa,Luxor,Luxor,Egypt,25.677876,32.632688,76
2025-10-14T23:10:36.532388+03:00,ws_aswan_020,weather_station,OK,280,TRUE,v2.1.1,Atmo-Tracker-Pro,GlobalSensors,-74.3,0.992,measurement,-9.67,95,1007.92,11.26,S,0,C/%/hPa,Aswan,Aswan,Egypt,24.136258,32.92627,85
2025-10-14T23:10:41.532559+03:00,ws_cairo_001,weather_station,OK,281,TRUE,v2.0.1,Atmo-Tracker-Pro,AcmeWeather,-54.7,0.939,measurement,20.14,75.9,1007.9,5.79,SE,0,C/%/hPa,Cairo,Greater Cairo,Egypt,30.077366,31.230186,23
2025-10-14T23:10:41.532559+03:00,ws_alexandria_002,weather_station,OK,282,TRUE,v2.1.0,WST-5000,AtmoCorp,-69.8,0.931,measurement,26.66,61.3,1008.79,9.49,NW,0,C/%/hPa,Alexandria,Alexandria,Egypt,31.219038,29.910748,5
2025-10-14T23:10:41.532559+03:00,ws_giza_003,weather_station,OK,283,TRUE,v2.0.1,WST-5000,AtmoCorp,-58.5,0.939,measurement,20.25,73.63,1008.95,5.98,E,0,C/%/hPa,Giza,Giza,Egypt,29.995074,31.128846,19
2025-10-14T23:10:41.532559+03:00,ws_luxor_004,weather_station,OK,284,TRUE,v2.1.0,Atmo-Tracker-Pro,AtmoCorp,-69.8,0.943,measurement,-0.53,95,1010.63,6.43,N,0,C/%/hPa,Luxor,Luxor,Egypt,25.683214,32.658927,76
2025-10-14T23:10:41.532559+03:00,ws_aswan_005,weather_station,OK,285,TRUE,v2.1.1,Atmo-Tracker-Pro,AcmeWeather,-58.2,0.943,measurement,-10.31,95,1009.06,6.16,W,0,C/%/hPa,Aswan,Aswan,Egypt,24.091795,32.909064,85
2025-10-14T23:10:41.532559+03:00,ws_cairo_006,weather_station,OK,286,TRUE,v2.1.1,WST-5000,AtmoCorp,-57.9,0.924,measurement,20.47,61.7,1006.8,10.48,S,0,C/%/hPa,Cairo,Greater Cairo,Egypt,30.059139,31.256857,23
2025-10-14T23:10:41.532559+03:00,ws_alexandria_007,weather_station,OK,287,TRUE,v2.0.1,WST-5001,AcmeWeather,-78.6,0.998,measurement,25.14,57.92,1006.62,9.89,E,0,C/%/hPa,Alexandria,Alexandria,Egypt,31.158593,29.884174,5
2025-10-14T23:10:41.532559+03:00,ws_giza_008,weather_station,OK,288,TRUE,v2.1.1,Atmo-Tracker-Pro,AcmeWeather,-77.1,0.95,measurement,20.29,66.47,1007.71,8.47,E,0,C/%/hPa,Giza,Giza,Egypt,30.02261,31.13703,19
2025-10-14T23:10:41.532559+03:00,ws_luxor_009,weather_station,OK,289,TRUE,v2.1.0,WST-5000,AtmoCorp,-68.6,0.928,measurement,-1.58,95,1007.42,11.88,S,0,C/%/hPa,Luxor,Luxor,Egypt,25.687999,32.64289,76
2025-10-14T23:10:41.532559+03:00,ws_aswan_010,weather_station,OK,290,TRUE,v2.0.1,WST-5001,GlobalSensors,-61,0.945,measurement,-9.77,95,1009.1,8.05,NE,0,C/%/hPa,Aswan,Aswan,Egypt,24.078092,32.851068,85
2025-10-14T23:10:41.532559+03:00,ws_cairo_011,weather_station,OK,291,TRUE,v2.1.1,WST-5001,AcmeWeather,-74.5,0.975,measurement,20.1,63.89,1008.88,9.45,E,0,C/%/hPa,Cairo,Greater Cairo,Egypt,30.018748,31.249966,23
2025-10-14T23:10:41.532559+03:00,ws_alexandria_012,weather_station,OK,292,TRUE,v2.0.1,WST-5000,GlobalSensors,-59.4,0.965,measurement,27.19,53.34,1008.63,9.66,NW,0,C/%/hPa,Alexandria,Alexandria,Egypt,31.23455,29.926658,5
2025-10-14T23:10:41.532559+03:00,ws_giza_013,weather_station,OK,293,TRUE,v2.1.1,WST-5000,AcmeWeather,-75.1,0.977,measurement,20.23,65.93,1006.97,8.53,NW,0,C/%/hPa,Giza,Giza,Egypt,29.937859,31.147456,19
2025-10-14T23:10:41.532559+03:00,ws_luxor_014,weather_station,OK,294,TRUE,v2.1.0,Atmo-Tracker-Pro,GlobalSensors,-51.5,0.908,measurement,-2.23,95,1009.03,10.32,S,0,C/%/hPa,Luxor,Luxor,Egypt,25.695934,32.626824,76
2025-10-14T23:10:41.532559+03:00,ws_aswan_015,weather_station,OK,295,TRUE,v2.1.1,WST-5000,AcmeWeather,-63.4,0.955,measurement,-9.6,95,1008.79,9.83,NW,0,C/%/hPa,Aswan,Aswan,Egypt,24.0496,32.867646,85
2025-10-14T23:10:41.532559+03:00,ws_cairo_016,weather_station,OK,296,TRUE,v2.0.1,Atmo-Tracker-Pro,AtmoCorp,-65.7,0.903,measurement,20.74,70.04,1008.55,5.45,S,0,C/%/hPa,Cairo,Greater Cairo,Egypt,30.06464,31.243248,23
2025-10-14T23:10:41.532559+03:00,ws_alexandria_017,weather_station,OK,297,TRUE,v2.1.1,Atmo-Tracker-Pro,GlobalSensors,-63.1,0.988,measurement,26.32,54.48,1007.26,1.43,SE,0,C/%/hPa,Alexandria,Alexandria,Egypt,31.247603,29.953011,5
2025-10-14T23:10:41.532559+03:00,ws_giza_018,weather_station,OK,298,TRUE,v2.1.1,WST-5001,AtmoCorp,-52.6,0.966,measurement,18.82,72.29,1007.8,7.51,N,0,C/%/hPa,Giza,Giza,Egypt,30.024697,31.125513,19
2025-10-14T23:10:41.532559+03:00,ws_luxor_019,weather_station,OK,299,TRUE,v2.1.0,WST-5001,AcmeWeather,-51.2,0.905,measurement,-1.79,95,1008.77,5.14,NW,0,C/%/hPa,Luxor,Luxor,Egypt,25.677876,32.632688,76
2025-10-14T23:10:41.532559+03:00,ws_aswan_020,weather_station,OK,300,TRUE,v2.1.1,Atmo-Tracker-Pro,GlobalSensors,-57.5,0.925,measurement,-8.67,95,1006.23,3.95,NW,0,C/%/hPa,Aswan,Aswan,Egypt,24.136258,32.92627,85
